{
  "swagger": "2.0",
  "info": {
    "title": "VideoTube APIs",
    "description": "VideoTube APIs",
    "version": "1.0.0"
  },
  "host": "localhost:3000",
  "basePath": "/api/v1/",
  "schemes": [
    "http"
  ],
  "paths": {
    "/users/register": {
      "post": {
        "description": "To register a new user",
        "consumes": "multipart/form-data",
        "parameters": [
          {
            "name": "userName",
            "in": "formData",
            "type": "string"
          },
          {
            "name": "email",
            "in": "formData",
            "type": "string"
          },
          {
            "name": "fullName",
            "in": "formData",
            "type": "string"
          },
          {
            "name": "password",
            "in": "formData",
            "type": "string"
          },
          {
            "name": "avatar",
            "in": "formData",
            "type": "file"
          },
          {
            "name": "coverImage",
            "in": "formData",
            "type": "file",
            "required": false
          }
        ],
        "responses": {
          "201": {
            "description": "Created"
          }
        }
      }
    },
    "/users/login": {
      "post": {
        "description": "You can login with username or email along with password.",
        "parameters": [
          {
            "name": "body",
            "in": "body",
            "schema": {
              "type": "object",
              "properties": {
                "userName": {
                  "example": "any"
                },
                "email": {
                  "example": "any"
                },
                "password": {
                  "example": "any"
                }
              }
            }
          }
        ],
        "responses": {
          "200": {
            "description": "OK"
          }
        }
      }
    },
    "/users/logout": {
      "post": {
        "description": "With this API you can logout from app or web app.",
        "parameters": [
          {
            "name": "authorization",
            "in": "header",
            "type": "string"
          }
        ],
        "responses": {
          "200": {
            "description": "OK"
          }
        }
      }
    },
    "/users/refresh-token": {
      "post": {
        "description": "For refresh token",
        "parameters": [
          {
            "name": "body",
            "in": "body",
            "schema": {
              "type": "object",
              "properties": {
                "refreshToken": {
                  "example": "any"
                }
              }
            }
          }
        ],
        "responses": {
          "200": {
            "description": "OK"
          }
        }
      }
    },
    "/users/change-password": {
      "post": {
        "description": "Changd password",
        "parameters": [
          {
            "name": "authorization",
            "in": "header",
            "type": "string"
          },
          {
            "name": "body",
            "in": "body",
            "schema": {
              "type": "object",
              "properties": {
                "oldPassword": {
                  "example": "any"
                },
                "newPassword": {
                  "example": "any"
                }
              }
            }
          }
        ],
        "responses": {
          "200": {
            "description": "OK"
          }
        }
      }
    },
    "/users/current-user": {
      "get": {
        "description": "Getting the current user details",
        "parameters": [
          {
            "name": "authorization",
            "in": "header",
            "type": "string"
          }
        ],
        "responses": {
          "200": {
            "description": "OK"
          }
        }
      }
    },
    "/users/update-user-details": {
      "patch": {
        "description": "Update user details",
        "parameters": [
          {
            "name": "authorization",
            "in": "header",
            "type": "string"
          },
          {
            "name": "body",
            "in": "body",
            "schema": {
              "type": "object",
              "properties": {
                "fullName": {
                  "example": "any"
                },
                "email": {
                  "example": "any"
                }
              }
            }
          }
        ],
        "responses": {
          "200": {
            "description": "OK"
          }
        }
      }
    },
    "/users/avatar": {
      "patch": {
        "description": "Can change the avatar of your profile.",
        "consumes": "multipart/form-data",
        "parameters": [
          {
            "name": "avatar",
            "in": "formData",
            "type": "file"
          }
        ],
        "responses": {
          "200": {
            "description": "OK"
          }
        }
      }
    },
    "/users/cover-image": {
      "patch": {
        "description": "Can change the cover image of your profile.",
        "consumes": "multipart/form-data",
        "parameters": [
          {
            "name": "coverImage",
            "in": "formData",
            "type": "file"
          }
        ],
        "responses": {
          "200": {
            "description": "OK"
          }
        }
      }
    },
    "/users/channel/{userName}": {
      "get": {
        "description": "To get the user channels with the help of username.",
        "parameters": [
          {
            "name": "userName",
            "in": "path",
            "required": true,
            "type": "string"
          },
          {
            "name": "authorization",
            "in": "header",
            "type": "string"
          }
        ],
        "responses": {
          "200": {
            "description": "OK"
          }
        }
      }
    },
    "/users/watch-history": {
      "get": {
        "description": "Getting watch history.",
        "parameters": [
          {
            "name": "authorization",
            "in": "header",
            "type": "string"
          }
        ],
        "responses": {
          "200": {
            "description": "OK"
          }
        }
      }
    },
    "/videos/": {
      "get": {
        "description": "",
        "parameters": [
          {
            "name": "authorization",
            "in": "header",
            "type": "string"
          },
          {
            "name": "page",
            "in": "query",
            "type": "string"
          },
          {
            "name": "limit",
            "in": "query",
            "type": "string"
          },
          {
            "name": "query",
            "in": "query",
            "type": "string"
          },
          {
            "name": "sortBy",
            "in": "query",
            "type": "string"
          },
          {
            "name": "sortType",
            "in": "query",
            "type": "string"
          },
          {
            "name": "userId",
            "in": "query",
            "type": "string"
          }
        ],
        "responses": {
          "200": {
            "description": "OK"
          }
        }
      },
      "post": {
        "description": "",
        "consumes": "multipart/form-data",
        "parameters": [
          {
            "name": "authorization",
            "in": "header",
            "type": "string"
          },
          {
            "name": "title",
            "in": "formData",
            "type": "string"
          },
          {
            "name": "description",
            "in": "formData",
            "type": "string"
          },
          {
            "name": "videoFile",
            "in": "formData",
            "type": "file"
          },
          {
            "name": "thumbnail",
            "in": "formData",
            "type": "file"
          }
        ],
        "responses": {
          "200": {
            "description": "OK"
          },
          "201": {
            "description": "Created"
          }
        }
      }
    },
    "/videos/{videoId}": {
      "get": {
        "description": "Getting video details of particular video.",
        "parameters": [
          {
            "name": "videoId",
            "in": "path",
            "required": true,
            "type": "string"
          },
          {
            "name": "authorization",
            "in": "header",
            "type": "string"
          }
        ],
        "responses": {
          "200": {
            "description": "OK"
          }
        }
      },
      "delete": {
        "description": "",
        "parameters": [
          {
            "name": "videoId",
            "in": "path",
            "required": true,
            "type": "string"
          },
          {
            "name": "authorization",
            "in": "header",
            "type": "string"
          }
        ],
        "responses": {
          "200": {
            "description": "OK"
          }
        }
      },
      "patch": {
        "description": "",
        "parameters": [
          {
            "name": "videoId",
            "in": "path",
            "required": true,
            "type": "string"
          },
          {
            "name": "authorization",
            "in": "header",
            "type": "string"
          },
          {
            "name": "body",
            "in": "body",
            "schema": {
              "type": "object",
              "properties": {
                "title": {
                  "example": "any"
                },
                "description": {
                  "example": "any"
                }
              }
            }
          }
        ],
        "responses": {
          "200": {
            "description": "OK"
          }
        }
      }
    },
    "/videos/toggle/publish/{videoId}": {
      "patch": {
        "description": "",
        "parameters": [
          {
            "name": "videoId",
            "in": "path",
            "required": true,
            "type": "string"
          },
          {
            "name": "authorization",
            "in": "header",
            "type": "string"
          }
        ],
        "responses": {
          "200": {
            "description": "OK"
          }
        }
      }
    },
    "/comments/{videoId}": {
      "get": {
        "description": "Getting videos comments",
        "parameters": [
          {
            "name": "videoId",
            "in": "path",
            "required": true,
            "type": "string"
          },
          {
            "name": "authorization",
            "in": "header",
            "type": "string"
          }
        ],
        "responses": {
          "200": {
            "description": "OK"
          }
        }
      },
      "post": {
        "description": "To create a comment on videos",
        "parameters": [
          {
            "name": "videoId",
            "in": "path",
            "required": true,
            "type": "string"
          },
          {
            "name": "authorization",
            "in": "header",
            "type": "string"
          },
          {
            "name": "body",
            "in": "body",
            "schema": {
              "type": "object",
              "properties": {
                "content": {
                  "example": "any"
                }
              }
            }
          }
        ],
        "responses": {
          "201": {
            "description": "OK"
          }
        }
      }
    },
    "/comments/c/{commentId}": {
      "delete": {
        "description": "",
        "parameters": [
          {
            "name": "commentId",
            "in": "path",
            "required": true,
            "type": "string"
          },
          {
            "name": "authorization",
            "in": "header",
            "type": "string"
          }
        ],
        "responses": {
          "200": {
            "description": "OK"
          }
        }
      },
      "patch": {
        "description": "",
        "parameters": [
          {
            "name": "commentId",
            "in": "path",
            "required": true,
            "type": "string"
          },
          {
            "name": "authorization",
            "in": "header",
            "type": "string"
          },
          {
            "name": "body",
            "in": "body",
            "schema": {
              "type": "object",
              "properties": {
                "content": {
                  "example": "any"
                }
              }
            }
          }
        ],
        "responses": {
          "200": {
            "description": "OK"
          }
        }
      }
    },
    "/dashboard/stats": {
      "get": {
        "description": "",
        "parameters": [
          {
            "name": "authorization",
            "in": "header",
            "type": "string"
          }
        ],
        "responses": {
          "200": {
            "description": "OK"
          }
        }
      }
    },
    "/dashboard/videos": {
      "get": {
        "description": "",
        "parameters": [
          {
            "name": "authorization",
            "in": "header",
            "type": "string"
          }
        ],
        "responses": {
          "200": {
            "description": "OK"
          }
        }
      }
    },
    "/likes/toggle/v/{videoId}": {
      "post": {
        "description": "",
        "parameters": [
          {
            "name": "videoId",
            "in": "path",
            "required": true,
            "type": "string"
          },
          {
            "name": "authorization",
            "in": "header",
            "type": "string"
          }
        ],
        "responses": {
          "200": {
            "description": "OK"
          },
          "201": {
            "description": "Created"
          }
        }
      }
    },
    "/likes/toggle/c/{commentId}": {
      "post": {
        "description": "",
        "parameters": [
          {
            "name": "commentId",
            "in": "path",
            "required": true,
            "type": "string"
          },
          {
            "name": "authorization",
            "in": "header",
            "type": "string"
          }
        ],
        "responses": {
          "200": {
            "description": "OK"
          },
          "201": {
            "description": "Created"
          }
        }
      }
    },
    "/likes/toggle/t/{tweetId}": {
      "post": {
        "description": "",
        "parameters": [
          {
            "name": "tweetId",
            "in": "path",
            "required": true,
            "type": "string"
          },
          {
            "name": "authorization",
            "in": "header",
            "type": "string"
          }
        ],
        "responses": {
          "200": {
            "description": "OK"
          },
          "201": {
            "description": "Created"
          }
        }
      }
    },
    "/playlist/{playlistId}": {
      "get": {
        "description": "",
        "parameters": [
          {
            "name": "playlistId",
            "in": "path",
            "required": true,
            "type": "string"
          },
          {
            "name": "authorization",
            "in": "header",
            "type": "string"
          }
        ],
        "responses": {
          "200": {
            "description": "OK"
          }
        }
      },
      "delete": {
        "description": "",
        "parameters": [
          {
            "name": "playlistId",
            "in": "path",
            "required": true,
            "type": "string"
          },
          {
            "name": "authorization",
            "in": "header",
            "type": "string"
          }
        ],
        "responses": {
          "200": {
            "description": "OK"
          }
        }
      },
      "patch": {
        "description": "",
        "parameters": [
          {
            "name": "playlistId",
            "in": "path",
            "required": true,
            "type": "string"
          },
          {
            "name": "authorization",
            "in": "header",
            "type": "string"
          }
        ],
        "responses": {
          "default": {
            "description": ""
          }
        }
      }
    },
    "/playlist/add/{videoId}/{playlistId}": {
      "patch": {
        "description": "",
        "parameters": [
          {
            "name": "videoId",
            "in": "path",
            "required": true,
            "type": "string"
          },
          {
            "name": "playlistId",
            "in": "path",
            "required": true,
            "type": "string"
          },
          {
            "name": "authorization",
            "in": "header",
            "type": "string"
          }
        ],
        "responses": {
          "200": {
            "description": "OK"
          }
        }
      }
    },
    "/playlist/remove/{videoId}/{playlistId}": {
      "patch": {
        "description": "",
        "parameters": [
          {
            "name": "videoId",
            "in": "path",
            "required": true,
            "type": "string"
          },
          {
            "name": "playlistId",
            "in": "path",
            "required": true,
            "type": "string"
          },
          {
            "name": "authorization",
            "in": "header",
            "type": "string"
          }
        ],
        "responses": {
          "default": {
            "description": ""
          }
        }
      }
    },
    "/playlist/user/{userId}": {
      "get": {
        "description": "",
        "parameters": [
          {
            "name": "userId",
            "in": "path",
            "required": true,
            "type": "string"
          },
          {
            "name": "authorization",
            "in": "header",
            "type": "string"
          }
        ],
        "responses": {
          "200": {
            "description": "OK"
          }
        }
      }
    },
    "/subscriptions/c/{channelId}": {
      "get": {
        "description": "",
        "parameters": [
          {
            "name": "channelId",
            "in": "path",
            "required": true,
            "type": "string"
          },
          {
            "name": "authorization",
            "in": "header",
            "type": "string"
          }
        ],
        "responses": {
          "200": {
            "description": "OK"
          }
        }
      },
      "post": {
        "description": "",
        "parameters": [
          {
            "name": "channelId",
            "in": "path",
            "required": true,
            "type": "string"
          },
          {
            "name": "authorization",
            "in": "header",
            "type": "string"
          }
        ],
        "responses": {
          "201": {
            "description": "Created"
          }
        }
      }
    },
    "/subscriptions/u/{subscriberId}": {
      "get": {
        "description": "",
        "parameters": [
          {
            "name": "subscriberId",
            "in": "path",
            "required": true,
            "type": "string"
          },
          {
            "name": "authorization",
            "in": "header",
            "type": "string"
          }
        ],
        "responses": {
          "200": {
            "description": "OK"
          }
        }
      }
    },
    "/tweets/{tweetId}": {
      "delete": {
        "description": "",
        "parameters": [
          {
            "name": "tweetId",
            "in": "path",
            "required": true,
            "type": "string"
          },
          {
            "name": "authorization",
            "in": "header",
            "type": "string"
          }
        ],
        "responses": {
          "200": {
            "description": "OK"
          }
        }
      },
      "patch": {
        "description": "",
        "parameters": [
          {
            "name": "tweetId",
            "in": "path",
            "required": true,
            "type": "string"
          },
          {
            "name": "authorization",
            "in": "header",
            "type": "string"
          },
          {
            "name": "body",
            "in": "body",
            "schema": {
              "type": "object",
              "properties": {
                "content": {
                  "example": "any"
                }
              }
            }
          }
        ],
        "responses": {
          "200": {
            "description": "OK"
          }
        }
      }
    }
  }
}